Confidence,DM statistic,p_value,mean_loss_diff_sent_minus_base
95%,1.0199570352071208,0.30774883784237117,1.2027089092184719e-05
99%,2.142994412788266,0.03211354701166158,1.939097785182775e-05
